<resources xmlns:tools="http://schemas.android.com/tools">
    <!--  Base application theme.  -->
    <style name="Theme.MyApplication" parent="Theme.MaterialComponents.DayNight.DarkActionBar">
        <!--  Primary brand color.  -->
        <item name="colorPrimary">@color/purple_500</item>
        <item name="colorPrimaryDark">#FFffcccb </item>
        <item name="colorOnPrimary">#FFffcccb</item>
        <!--  Secondary brand color.  -->
        <item name="colorSecondary">@color/teal_200</item>
        <item name="colorSecondaryVariant">@color/teal_700</item>
        <item name="colorOnSecondary">@color/black</item>
        <!--  Status bar color.  -->
        <item name="android:statusBarColor" tools:targetApi="l">?attr/colorPrimaryVariant</item>
        <!--  Customize your theme here.  -->
    </style>
    <style name="MyTheme" parent="Theme.MyApplication">
        <item name="android:textSize">32sp</item>
        <item name="android:textColor">@color/purple_700</item>
        <item name="android:textStyle">bold</item>
    </style>
</resources>