<androidx.constraintlayout.widget.ConstraintLayout xmlns:android="http://schemas.android.com/apk/res/android" xmlns:app="http://schemas.android.com/apk/res-auto" xmlns:tools="http://schemas.android.com/tools" android:layout_width="match_parent" android:layout_height="match_parent" tools:context=".MainActivity">
    <TextView android:id="@+id/textView" android:layout_width="wrap_content" android:layout_height="wrap_content" android:text="Register" android:textColor="@color/black" android:textSize="24sp" android:layout_marginTop="16dp" app:layout_constraintEnd_toEndOf="parent" app:layout_constraintStart_toStartOf="parent" app:layout_constraintTop_toTopOf="parent"/>
    <EditText android:id="@+id/editText" android:layout_width="match_parent" android:layout_height="wrap_content" android:layout_marginTop="16dp" android:hint="First Name" android:layout_marginLeft="16dp" android:layout_marginRight="16dp" app:layout_constraintTop_toBottomOf="@+id/textView"/>
    <EditText android:id="@+id/editText2" android:layout_width="match_parent" android:layout_height="wrap_content" android:layout_marginTop="16dp" android:hint="Last Name" android:layout_marginLeft="16dp" android:layout_marginRight="16dp" app:layout_constraintTop_toBottomOf="@+id/editText" tools:layout_editor_absoluteX="16dp"/>
    <TextView android:id="@+id/textView2" android:layout_width="match_parent" android:layout_height="wrap_content" android:layout_marginTop="16dp" android:layout_marginLeft="16dp" android:layout_marginRight="16dp" android:text="Gender" app:layout_constraintTop_toBottomOf="@+id/editText2" tools:layout_editor_absoluteX="0dp"/>
    <RadioGroup android:id="@+id/radioGroup" android:layout_width="match_parent" android:layout_height="wrap_content" android:layout_marginTop="8dp" android:layout_marginLeft="16dp" android:layout_marginRight="16dp" android:orientation="horizontal" app:layout_constraintTop_toBottomOf="@+id/textView2" tools:layout_editor_absoluteX="0dp">
        <RadioButton android:id="@+id/radio_male" android:layout_width="wrap_content" android:layout_height="wrap_content" android:text="Male"/>
        <RadioButton android:id="@+id/radio_female" android:layout_width="wrap_content" android:layout_height="wrap_content" android:text="Female"/>
    </RadioGroup>
    <Button android:id="@+id/btn_submit" android:layout_width="match_parent" android:layout_height="wrap_content" android:text="Submit" android:layout_marginTop="16dp" android:layout_marginLeft="16dp" android:layout_marginRight="16dp" app:layout_constraintTop_toBottomOf="@+id/radioGroup" tools:layout_editor_absoluteX="70dp"/>
</androidx.constraintlayout.widget.ConstraintLayout>